1;Pavia;Glazer;pglazer0@etsy.com
2;Ermin;McCourtie;emccourtie1@qq.com
3;Mathian;Goodacre;mgoodacre2@wsj.com
4;Doralynn;Braisher;dbraisher3@loc.gov
5;Geneva;Meynell;gmeynell4@fc2.com
6;Rayshell;Hearl;rhearl5@bloglines.com
7;Rourke;Kersting;rkersting6@hugedomains.com
8;Verene;Durbridge;vdurbridge7@usnews.com
9;Hugibert;Shere;hshere8@wikimedia.org
10;Ilyssa;Bulcock;ibulcock9@ezinearticles.com
11;Lorens;Edmonson;ledmonsona@google.nl
12;Felic;Nowaczyk;fnowaczykb@home.pl
13;Jaymee;Kesten;jkestenc@storify.com
14;Alys;Andrzejak;aandrzejakd@wsj.com
15;Ruthy;Sheavills;rsheavillse@huffingtonpost.com
16;Trudi;Knutsen;tknutsenf@tmall.com
17;Hewe;Le Pruvost;hlepruvostg@indiegogo.com
18;Stanwood;Glassborow;sglassborowh@nba.com
19;Seamus;Hellikes;shellikesi@google.ru
20;Rivi;Lesser;rlesserj@dropbox.com
21;Marita;Tremouille;mtremouillek@dyndns.org
22;Conny;Blair;cblairl@msn.com
23;Antonino;Dowbiggin;adowbigginm@geocities.jp
24;Elton;Macquire;emacquiren@accuweather.com
25;Pet;MacIlhargy;pmacilhargyo@senate.gov
26;Phyllida;Verrill;pverrillp@sourceforge.net
27;Danny;Wrack;dwrackq@ihg.com
28;Dorelle;Farnall;dfarnallr@upenn.edu
29;Cristin;Kinane;ckinanes@nationalgeographic.com
30;Charlie;Summerton;csummertont@bluehost.com
31;Jamill;Wasbey;jwasbeyu@reddit.com
32;Tani;Hobbert;thobbertv@usa.gov
33;Joice;Burgwin;jburgwinw@macromedia.com
34;Burnard;Withinshaw;bwithinshawx@parallels.com
35;Cynthy;Hultberg;chultbergy@unblog.fr
36;Audrey;Rozea;arozeaz@photobucket.com
37;Godart;Tort;gtort10@is.gd
38;Ernest;O' Mullan;eomullan11@yandex.ru
39;Konstanze;Timmermann;ktimmermann12@seattletimes.com
40;Hewie;Skamell;hskamell13@google.com
41;Boot;Selland;bselland14@foxnews.com
42;Jobye;Dunphie;jdunphie15@weebly.com
43;Cart;Kellert;ckellert16@google.it
44;Nicolai;Peachman;npeachman17@odnoklassniki.ru
45;Flynn;Aldis;faldis18@feedburner.com
46;Mavra;Gladbeck;mgladbeck19@1und1.de
47;Andy;Ever;aever1a@un.org
48;Joshia;Hexham;jhexham1b@oaic.gov.au
49;Bernhard;Furley;bfurley1c@ameblo.jp
50;Justis;Simenon;jsimenon1d@miibeian.gov.cn
51;Deny;Wigan;dwigan1e@nsw.gov.au
52;Duke;Dillway;ddillway1f@answers.com
53;Rosanne;McMonnies;rmcmonnies1g@google.fr
54;Felipe;Rodway;frodway1h@theguardian.com
55;Orelle;Bilovus;obilovus1i@geocities.jp
56;Angelina;Mogenot;amogenot1j@bloomberg.com
57;Rainer;Blamire;rblamire1k@mozilla.org
58;Hermia;Eastop;heastop1l@barnesandnoble.com
59;Joannes;Biagini;jbiagini1m@jugem.jp
60;Wendy;Loads;wloads1n@weibo.com
61;Catarina;Rogeron;crogeron1o@ed.gov
62;Marla;Ivanilov;mivanilov1p@intel.com
63;Gifford;Boom;gboom1q@umich.edu
64;Joycelin;Woodger;jwoodger1r@vistaprint.com
65;Bryan;Munford;bmunford1s@mail.ru
66;Alaster;Ensor;aensor1t@ca.gov
67;Darrell;Vivers;dvivers1u@mapy.cz
68;Sven;Reisk;sreisk1v@vkontakte.ru
69;Gwendolyn;Belle;gbelle1w@imdb.com
70;Donielle;Krystek;dkrystek1x@miibeian.gov.cn
71;Selene;Dorton;sdorton1y@businessweek.com
72;Richart;Lydford;rlydford1z@ow.ly
73;Mariette;Ruste;mruste20@bing.com
74;Carl;Joules;cjoules21@cbsnews.com
75;Delmer;Dunleavy;ddunleavy22@deliciousdays.com
76;Josefina;Le Houx;jlehoux23@squidoo.com
77;Layney;Oldroyde;loldroyde24@examiner.com
78;Tomas;Danilyuk;tdanilyuk25@yolasite.com
79;Mattie;Baldung;mbaldung26@nhs.uk
80;Michaeline;Shakesby;mshakesby27@usgs.gov
81;Sheila-kathryn;Lashbrook;slashbrook28@barnesandnoble.com
82;Phelia;Martijn;pmartijn29@shutterfly.com
83;Kerrie;Lattey;klattey2a@topsy.com
84;Christean;Castiello;ccastiello2b@booking.com
85;Gery;Goracci;ggoracci2c@mac.com
86;Cornell;Willetts;cwilletts2d@woothemes.com
87;Damon;Monan;dmonan2e@squidoo.com
88;Jerrylee;Muscott;jmuscott2f@youku.com
89;Norbert;Rymill;nrymill2g@sfgate.com
90;Karin;Gillogley;kgillogley2h@jugem.jp
91;Cherrita;Antognazzi;cantognazzi2i@phpbb.com
92;Isobel;Giovannacci;igiovannacci2j@amazon.com
93;Ruthanne;Lazenbury;rlazenbury2k@census.gov
94;Sheila-kathryn;Mars;smars2l@ning.com
95;Rory;MacCleay;rmaccleay2m@aol.com
96;Cecilius;Fine;cfine2n@illinois.edu
97;Ardys;Heindl;aheindl2o@tumblr.com
98;Sarene;Fay;sfay2p@cisco.com
99;Lethia;Hankinson;lhankinson2q@bravesites.com
100;Goddart;Anstice;ganstice2r@diigo.com
200;John;Doe;jd@gmail.com